[
  {
    "instance": "Linz_10%",
    "city": "Linz",
    "n": 238,
    "m": 65,
    "build_time": 9.632957696914673,
    "solve_time": 4.136097192764282,
    "total_time": 13.769058465957642,
    "objective": 5555980.62278574,
    "mip_gap": 0.0,
    "n_sps_opened": 9,
    "node_count": 0.0,
    "status": 2
  },
  {
    "instance": "Graz_10%",
    "city": "Graz",
    "n": 448,
    "m": 145,
    "build_time": 10.262202739715576,
    "solve_time": 2.9058992862701416,
    "total_time": 13.168105125427246,
    "objective": 1455395.3516818732,
    "mip_gap": 0.0,
    "n_sps_opened": 17,
    "node_count": 0.0,
    "status": 2
  },
  {
    "instance": "Linz_20%",
    "city": "Linz",
    "n": 477,
    "m": 131,
    "build_time": 10.92812705039978,
    "solve_time": 12.44970440864563,
    "total_time": 23.377833366394043,
    "objective": 2637183.319993482,
    "mip_gap": 0.0,
    "n_sps_opened": 27,
    "node_count": 0.0,
    "status": 2
  },
  {
    "instance": "Linz_30%",
    "city": "Linz",
    "n": 715,
    "m": 197,
    "build_time": 19.338022232055664,
    "solve_time": 28.73132348060608,
    "total_time": 48.06934714317322,
    "objective": 6747164.173556373,
    "mip_gap": 0.0,
    "n_sps_opened": 58,
    "node_count": 0.0,
    "status": 2
  },
  {
    "instance": "Graz_20%",
    "city": "Graz",
    "n": 897,
    "m": 291,
    "build_time": 19.7650043964386,
    "solve_time": 26.909695148468018,
    "total_time": 46.67470121383667,
    "objective": 1472246.8018249494,
    "mip_gap": 0.0,
    "n_sps_opened": 60,
    "node_count": 0.0,
    "status": 2
  },
  {
    "instance": "Linz_50%",
    "city": "Linz",
    "n": 1192,
    "m": 329,
    "build_time": 14.575110673904419,
    "solve_time": 78.84630465507507,
    "total_time": 93.42141699790955,
    "objective": 9905723.0247349,
    "mip_gap": 0.0,
    "n_sps_opened": 149,
    "node_count": 0.0,
    "status": 2
  },
  {
    "instance": "Graz_30%",
    "city": "Graz",
    "n": 1345,
    "m": 437,
    "build_time": 19.3109290599823,
    "solve_time": 74.35145354270935,
    "total_time": 93.66238403320312,
    "objective": 4471993.334749532,
    "mip_gap": 0.0,
    "n_sps_opened": 138,
    "node_count": 0.0,
    "status": 2
  },
  {
    "instance": "Vienna_10%",
    "city": "Vienna",
    "n": 1360,
    "m": 426,
    "build_time": 23.694968223571777,
    "solve_time": 12.575547218322754,
    "total_time": 36.270517110824585,
    "objective": 9819832.719493812,
    "mip_gap": 0.0,
    "n_sps_opened": 42,
    "node_count": 0.0,
    "status": 2
  },
  {
    "instance": "Linz_70%",
    "city": "Linz",
    "n": 1669,
    "m": 460,
    "build_time": 20.62380313873291,
    "solve_time": 188.91380715370178,
    "total_time": 209.53761219978333,
    "objective": 9071931.394933881,
    "mip_gap": 0.0,
    "n_sps_opened": 312,
    "node_count": 0.0,
    "status": 2
  },
  {
    "instance": "Graz_50%",
    "city": "Graz",
    "n": 2242,
    "m": 729,
    "build_time": 29.466153144836426,
    "solve_time": 185.45143699645996,
    "total_time": 214.91759181022644,
    "objective": 5629569.330882159,
    "mip_gap": 0.0,
    "n_sps_opened": 359,
    "node_count": 0.0,
    "status": 2
  },
  {
    "instance": "Linz_100%",
    "city": "Linz",
    "n": 2385,
    "m": 658,
    "build_time": 22.477570056915283,
    "solve_time": 369.20850944519043,
    "total_time": 391.6860818862915,
    "objective": 786721.4865022241,
    "mip_gap": 0.0,
    "n_sps_opened": 552,
    "node_count": 0.0,
    "status": 2
  },
  {
    "instance": "Vienna_20%",
    "city": "Vienna",
    "n": 2720,
    "m": 852,
    "build_time": 28.73493456840515,
    "solve_time": 85.07893657684326,
    "total_time": 113.81387186050415,
    "objective": 9052844.538268762,
    "mip_gap": 0.0,
    "n_sps_opened": 158,
    "node_count": 0.0,
    "status": 2
  },
  {
    "instance": "Graz_70%",
    "city": "Graz",
    "n": 3139,
    "m": 1021,
    "build_time": 36.84552812576294,
    "solve_time": 392.6742434501648,
    "total_time": 429.5197730064392,
    "objective": 8322102.688066554,
    "mip_gap": 0.0,
    "n_sps_opened": 662,
    "node_count": 0.0,
    "status": 2
  },
  {
    "instance": "Vienna_30%",
    "city": "Vienna",
    "n": 4080,
    "m": 1278,
    "build_time": 62.16217350959778,
    "solve_time": 168.39114379882812,
    "total_time": 230.55331945419312,
    "objective": 800713.367884485,
    "mip_gap": 0.0,
    "n_sps_opened": 393,
    "node_count": 0.0,
    "status": 2
  },
  {
    "instance": "Graz_100%",
    "city": "Graz",
    "n": 4485,
    "m": 1459,
    "build_time": 70.09392833709717,
    "solve_time": 753.062269449234,
    "total_time": 823.1561996936798,
    "objective": 2164127.4349079165,
    "mip_gap": 0.0,
    "n_sps_opened": 1123,
    "node_count": 0.0,
    "status": 2
  },
  {
    "instance": "Vienna_50%",
    "city": "Vienna",
    "n": 6800,
    "m": 2130,
    "build_time": 123.5451672077179,
    "solve_time": 570.7126824855804,
    "total_time": 694.257853269577,
    "objective": 7576322.529701423,
    "mip_gap": 0.0,
    "n_sps_opened": 1050,
    "node_count": 0.0,
    "status": 2
  },
  {
    "instance": "Vienna_70%",
    "city": "Vienna",
    "n": 9520,
    "m": 2982,
    "build_time": 220.88877153396606,
    "solve_time": 1093.6033008098602,
    "total_time": 1314.492074728012,
    "objective": 4840003.573629246,
    "mip_gap": 0.0,
    "n_sps_opened": 1917,
    "node_count": 0.0,
    "status": 2
  },
  {
    "instance": "Vienna_100%",
    "city": "Vienna",
    "n": 13600,
    "m": 4260,
    "build_time": 56765.63404369354,
    "solve_time": 2306.974805355072,
    "total_time": 59072.60885334015,
    "objective": 3112076.6194625893,
    "mip_gap": 0.0,
    "n_sps_opened": 3321,
    "node_count": 0.0,
    "status": 2
  }
]